sequence_id,aminoAcid,vGeneName,jGeneName,patient_id,response_binary,response_label,attention_weight,cdr3_length,attention_rank,log_attention,is_high_attention
24681,CASRWEEDTEAFF,TRBV7-9,TRBJ1-1,ac05,1,Responder,0.004123065004940492,13,1.0,-2.3847798074510878,True
24701,CASSRGGDFYNEQFF,TRBV3-1,TRBJ2-1,ac05,1,Responder,0.003971964049500248,15,2.0,-2.4009946800519035,True
23853,CASSLGRTYEQYF,TRBV27,TRBJ2-7,ac05,1,Responder,0.0036907678188717345,13,3.0,-2.432883263046623,True
21833,CASSVTSYNEQFF,TRBV9,TRBJ2-1,ac04,0,Non-Responder,0.003609303232777862,13,1.0,-2.4425766174650736,True
24042,CASSLGGETQYF,TRBV11-2,TRBJ2-5,ac05,1,Responder,0.0034016924335260584,12,4.0,-2.4683049432300663,True
24406,CASSRGGDFYNEQFF,TRBV3-1,TRBJ2-1,ac05,1,Responder,0.0033014834646893873,15,5.0,-2.481290860372638,True
24160,CASSLIRFGGEQYF,TRBV27,TRBJ2-7,ac05,1,Responder,0.003292140706674372,14,6.0,-2.482521598048488,True
24906,CASSFRTYNEQFF,TRBV27,TRBJ2-1,ac05,1,Responder,0.00305519733567533,13,7.0,-2.5149607191517984,True
23537,CASTVGERQYF,TRBV6-2,TRBJ2-7,ac05,1,Responder,0.0030541409375044503,11,8.0,-2.515110911485352,True
21818,CASTPNGAVAEAFF,TRBV25-1,TRBJ1-1,ac04,0,Non-Responder,0.0029914998207747866,14,2.0,-2.5241110043235473,True
22607,CSGGTWITDQNYGYTF,TRBV29-1,TRBJ1-2,ac04,0,Non-Responder,0.0029501456270710474,16,3.0,-2.5301565308355056,True
23762,CASSLQQGLHEQYF,TRBV5-6,TRBJ2-7,ac05,1,Responder,0.002844886804415192,14,9.0,-2.5459349938610685,True
21347,CATSDLGGAATGELFF,TRBV24-1,TRBJ2-2,ac04,0,Non-Responder,0.0028287358787869475,16,4.0,-2.548407585702014,True
24185,CASSPFSGSSYNEQFF,TRBV4-3,TRBJ2-1,ac05,1,Responder,0.002816669881008648,16,10.0,-2.550264034740531,True
23581,CASSLHLGEQFF,TRBV7-8,TRBJ2-1,ac05,1,Responder,0.0027830557335273183,12,11.0,-2.555478080784324,True
23711,CASSPWDYRGTGELFF,TRBV7-3,TRBJ2-2,ac05,1,Responder,0.002774351428711139,16,12.0,-2.5568385117893704,True
23681,CASSSAGLAWVGAYEQYF,TRBV28,TRBJ2-7,ac05,1,Responder,0.002750006092653214,18,13.0,-2.5606663281944315,True
21766,CASSYGQGYEQYF,TRBV10-2,TRBJ2-7,ac04,0,Non-Responder,0.0027117927748681707,13,5.0,-2.566743484693256,True
24923,CASSPRDREGTDTQYF,TRBV7-6,TRBJ2-3,ac05,1,Responder,0.0026989130936287847,16,14.0,-2.568811083629582,True
22154,CASSRSVIRDEQFF,TRBV14,TRBJ2-1,ac04,0,Non-Responder,0.002690553928822232,14,6.0,-2.5701582824936207,True
24828,CASRWEEDTEAFF,TRBV7-9,TRBJ1-1,ac05,1,Responder,0.002690256774463118,13,15.0,-2.5702062501701985,True
22691,CAWSLARGTFQDQPQHF,TRBV30,TRBJ1-5,ac04,0,Non-Responder,0.002660886468628651,17,7.0,-2.574973638664939,True
22277,CASSQTSGRYQETQYF,TRBV11-2,TRBJ2-5,ac04,0,Non-Responder,0.0026463068870740502,16,8.0,-2.5773597765283873,True
21417,CASSNDPTRKADTQYF,TRBV9,TRBJ2-3,ac04,0,Non-Responder,0.002642930426256299,16,9.0,-2.5779142528577275,True
24803,CASRAITGDANYGYTF,TRBV28,TRBJ1-2,ac05,1,Responder,0.0026370168221017667,16,16.0,-2.578887083269956,True
22703,CATSDGTSPYSYEQYF,TRBV24-1,TRBJ2-7,ac04,0,Non-Responder,0.0026155866468391452,16,10.0,-2.582430871870984,True
22884,CASSLDGFDTQYF,TRBV7-9,TRBJ2-3,ac04,0,Non-Responder,0.002604569709596053,13,11.0,-2.584263997795099,True
23359,CASSLGGSGVVGQFF,TRBV7-8,TRBJ2-1,ac04,0,Non-Responder,0.002601176685584705,15,12.0,-2.584830130543522,True
22601,CAWRPGQGDQETQYF,TRBV30,TRBJ2-5,ac04,0,Non-Responder,0.0025895873489829063,15,13.0,-2.586769418506115,True
21782,CASSLGGGNTGELFF,TRBV11-2,TRBJ2-2,ac04,0,Non-Responder,0.002566124946247149,15,14.0,-2.59072218444904,True
24656,CASSYSVETQYF,TRBV6-6,TRBJ2-5,ac05,1,Responder,0.002539023094409073,12,17.0,-2.595333331754139,True
25176,CASSSGSSTDTQYF,TRBV12-4,TRBJ2-3,ac05,1,Responder,0.002512664893570524,14,18.0,-2.599865410787556,False
22437,CASSPGTGVYEQYF,TRBV5-8,TRBJ2-7,ac04,0,Non-Responder,0.0025118677762128562,14,15.0,-2.600003208143744,True
22591,CASSLGQLQETQYF,TRBV18,TRBJ2-5,ac04,0,Non-Responder,0.002507433418842849,14,16.0,-2.600770572876818,True
23970,CASSSRPVGSARSHEQFF,TRBV5-1,TRBJ2-1,ac05,1,Responder,0.002506966405528261,18,19.0,-2.600851468419695,False
24129,CASIPRDRIEAFF,TRBV12-3,TRBJ1-1,ac05,1,Responder,0.002490581772478692,13,20.0,-2.603699177207533,False
23644,CASSLIDGAETQYF,TRBV5-1,TRBJ2-5,ac05,1,Responder,0.002448149204502781,14,21.0,-2.61116209953939,False
23977,CASSLGGVASTYEQYF,TRBV5-1,TRBJ2-7,ac05,1,Responder,0.002440763987751625,16,22.0,-2.6124741953222377,False
23899,CASSTGSDGYTF,TRBV18,TRBJ1-2,ac05,1,Responder,0.002431862410889585,12,23.0,-2.6140609822158583,False
23673,CASSQGTAGNTIYF,TRBV14,TRBJ1-3,ac05,1,Responder,0.0024271302423316808,14,24.0,-2.6149069004561083,False
24266,CASSSRGGYGYTF,TRBV28,TRBJ1-2,ac05,1,Responder,0.002417064786915559,13,25.0,-2.6167116906551877,False
23560,CASGLGGHSYNEQFF,TRBV19,TRBJ2-1,ac05,1,Responder,0.002400775461872683,15,26.0,-2.61964843835872,False
24869,CASRDRDSGIPYEQYF,TRBV5-6,TRBJ2-7,ac05,1,Responder,0.0023408766387525166,16,27.0,-2.63062145391934,False
25076,CASSVAQGAESPLHF,TRBV9,TRBJ1-6,ac05,1,Responder,0.0023314512168174377,15,28.0,-2.6323736486453844,False
23494,CASSGETGRSTDTQYF,TRBV5-5,TRBJ2-3,ac05,1,Responder,0.002295771122705303,16,29.0,-2.639071392261449,False
23371,CSARGGTGDNYEQYF,TRBV20-1,TRBJ2-7,ac04,0,Non-Responder,0.002288090779811659,15,17.0,-2.640526729959044,True
24920,CASSSVEGPRTGELFF,TRBV5-4,TRBJ2-2,ac05,1,Responder,0.0022836517701570747,16,30.0,-2.6413701011237727,False
22416,CASSPNPAVYGYTF,TRBV5-1,TRBJ1-2,ac04,0,Non-Responder,0.0022834863618234635,14,18.0,-2.641401558864423,True
22879,CSAEGGSYEQYF,TRBV20-1,TRBJ2-7,ac04,0,Non-Responder,0.0022775434608669153,12,19.0,-2.642533307850811,True
197552,CASGMEGRVREQFF,TRBV27,TRBJ2-1,ac32,1,Responder,0.0022761829054701783,14,1.0,-2.642792823528839,True
24797,CASSYSGTGNTGELFF,TRBV6-5,TRBJ2-2,ac05,1,Responder,0.0022550677764976465,16,31.0,-2.646840381526716,False
24568,CASSLAGRAGYEQYF,TRBV5-1,TRBJ2-7,ac05,1,Responder,0.0022451017460280377,15,32.0,-2.6487639530282654,False
24867,CASGRDSLYEQFF,TRBV5-1,TRBJ2-1,ac05,1,Responder,0.002242093735447901,13,33.0,-2.6493462153965126,False
23548,CASPPPAGDVTQYF,TRBV6-1,TRBJ2-5,ac05,1,Responder,0.0022239702680782853,14,34.0,-2.6528710035404393,False
24388,CASSYGPSSYNEQFF,TRBV5-8,TRBJ2-1,ac05,1,Responder,0.002215782235623198,15,35.0,-2.6544729041785513,False
24202,CASSPVSGGETQYF,TRBV7-7,TRBJ2-5,ac05,1,Responder,0.00219598799636701,14,36.0,-2.658370018364083,False
24876,CASSPSGMPQYF,TRBV7-3,TRBJ2-3,ac05,1,Responder,0.0021853402593955303,12,37.0,-2.6604809135238536,False
24769,CASSAPLGLAGVHEQYF,TRBV19,TRBJ2-7,ac05,1,Responder,0.002163400544568891,17,38.0,-2.6648630452335933,False
36981,CASSIGRGTYEQYF,TRBV3-1,TRBJ2-7,ac09,1,Responder,0.002161674175132729,14,1.0,-2.6652097457063433,True
24004,CAIILAGGAYEQYF,TRBV27,TRBJ2-7,ac05,1,Responder,0.0021578428473289003,14,39.0,-2.665980167433692,False
23010,CASSSNIDGNEKLFF,TRBV2,TRBJ1-4,ac04,0,Non-Responder,0.002152275453944963,15,20.0,-2.667102127105688,True
23636,CASRELYNSPLHF,TRBV25-1,TRBJ1-6,ac05,1,Responder,0.0021514570712137617,13,40.0,-2.6672672949407867,False
34964,CASRPTGGLTEAFF,TRBV7-9,TRBJ1-1,ac09,1,Responder,0.002150384609489876,14,2.0,-2.6674838367065243,True
24567,CSAGGQDPLFF,TRBV20-1,TRBJ1-4,ac05,1,Responder,0.002143539987110885,11,41.0,-2.6688683901807524,False
24084,CASSQGFRTGAYGYTF,TRBV4-1,TRBJ1-2,ac05,1,Responder,0.0021336045071033245,16,42.0,-2.670886059542875,False
23829,CASTTGSYNSPLHF,TRBV2,TRBJ1-6,ac05,1,Responder,0.002133170626360448,14,43.0,-2.670974384799472,False
23572,CSVIGTDSNQPQHF,TRBV29-1,TRBJ1-5,ac05,1,Responder,0.0021288946312719888,14,44.0,-2.6718458128491305,False
36998,CASTGQSRGDTQYF,TRBV18,TRBJ2-3,ac09,1,Responder,0.002126950469321122,14,3.0,-2.672242603054735,True
24661,CSVVSAGEVEQFF,TRBV29-1,TRBJ2-1,ac05,1,Responder,0.0021237482796404054,13,45.0,-2.672896939477106,False
56358,CASSLAGEDTQYF,TRBV11-1,TRBJ2-3,ac12,1,Responder,0.0021191542209436785,13,1.0,-2.6738374159678595,True
24161,CASRGREVAKNIQYF,TRBV2,TRBJ2-4,ac05,1,Responder,0.0021112520716173354,15,46.0,-2.675459890708826,False
21865,CASSQIGRPLDTQYF,TRBV4-1,TRBJ2-3,ac04,0,Non-Responder,0.0021079270640895287,15,21.0,-2.6761443995223444,True
24355,CASSQRLAGESGTQYF,TRBV4-2,TRBJ2-3,ac05,1,Responder,0.002107327754268953,16,47.0,-2.6762678923827514,False
33741,CATSDQYRGTNTGELFF,TRBV24-1,TRBJ2-2,ac08,1,Responder,0.002097855528750814,17,1.0,-2.6782244026030257,True
23680,CASSVAQGGEKLFF,TRBV9,TRBJ1-4,ac05,1,Responder,0.0020938884724373383,14,48.0,-2.6790464332890713,False
36851,CSVAPSGRPLGNEQFF,TRBV29-1,TRBJ2-1,ac09,1,Responder,0.0020938017859858083,16,4.0,-2.6790644133417683,True
23453,CASSLPPSYNSPLHF,TRBV5-8,TRBJ1-6,ac05,1,Responder,0.0020679016769271246,15,49.0,-2.6844700936011257,False
21312,CASSSTGTSVWNEQFF,TRBV7-9,TRBJ2-1,ac04,0,Non-Responder,0.002056118916661205,16,22.0,-2.6869517501907594,False
21731,CASSQGLTQYF,TRBV4-1,TRBJ2-3,ac04,0,Non-Responder,0.002055709455778267,11,23.0,-2.6870382453349366,False
24407,CASSRGGDFYNEQFF,TRBV3-1,TRBJ2-1,ac05,1,Responder,0.002054801869490559,15,50.0,-2.6872300266840874,False
25081,CASRRDRADQPQHF,TRBV28,TRBJ1-5,ac05,1,Responder,0.002053404276449445,14,51.0,-2.687525516695059,False
87136,CASSLRGLAGASTDTQYF,TRBV27,TRBJ2-3,ac16,1,Responder,0.00204662472675827,18,1.0,-2.688961761930486,True
23785,CASSQRQELEKLFF,TRBV4-1,TRBJ1-4,ac05,1,Responder,0.0020256055879027115,14,52.0,-2.6934450921617055,False
36430,CASSQDPRIHTAYGYTF,TRBV4-2,TRBJ1-2,ac09,1,Responder,0.0020229867294419964,17,5.0,-2.694006944673231,True
24957,CASSFKTSGSLYNEQFF,TRBV5-1,TRBJ2-1,ac05,1,Responder,0.0020219568795706465,17,53.0,-2.6942280889694676,False
23442,CASSSAGLAWVGAYEQYF,TRBV28,TRBJ2-7,ac05,1,Responder,0.0020179456539889556,18,54.0,-2.6950905125589246,False
23707,CASRSGLAGTRSSYNEQFF,TRBV6-2,TRBJ2-1,ac05,1,Responder,0.0020152848158259927,19,55.0,-2.6956635457393547,False
23506,CASSYSGTGNTGELFF,TRBV6-5,TRBJ2-2,ac05,1,Responder,0.0020110761412354384,16,56.0,-2.6965714646990295,False
89529,CASSLGSLLRP,TRBV5-8,TRBJ2-1,ac17,0,Non-Responder,0.002010624490923329,11,1.0,-2.6966690101144195,True
31275,CASSLISYNEQFF,TRBV11-3,TRBJ2-1,ac08,1,Responder,0.0020079120864441363,13,2.0,-2.6972552844436875,True
57375,CASSEQGEEKLFF,TRBV10-1,TRBJ1-4,ac12,1,Responder,0.0020046931065068434,13,2.0,-2.697952081355974,True
23941,CASRAARALSNQPQHF,TRBV5-8,TRBJ1-5,ac05,1,Responder,0.0020041591413038325,16,57.0,-2.6980677743856307,False
23306,CASSLASGSYNEQFF,TRBV5-4,TRBJ2-1,ac04,0,Non-Responder,0.0020035463299554026,15,24.0,-2.6982005888241027,False
86703,CASSSRTGLGNEQFF,TRBV3-1,TRBJ2-1,ac16,1,Responder,0.0020004366468764686,15,2.0,-2.6988751763103838,True
23693,CASRWEEDTEAFF,TRBV7-9,TRBJ1-1,ac05,1,Responder,0.0019995603373224456,13,58.0,-2.699065464649257,False
23387,CASSQGLTQYF,TRBV4-1,TRBJ2-3,ac04,0,Non-Responder,0.001990527440023292,11,25.0,-2.7010318093396637,False
22358,CASSSRTKNTEAFF,TRBV18,TRBJ1-1,ac04,0,Non-Responder,0.0019902839437602815,14,26.0,-2.701084938748728,False
21973,CASSQDPLAGEDTQYF,TRBV4-2,TRBJ2-3,ac04,0,Non-Responder,0.0019849675117366043,16,27.0,-2.7022465751269755,False
24300,CASSSAGLAWVGAYEQYF,TRBV28,TRBJ2-7,ac05,1,Responder,0.0019771955066694887,18,59.0,-2.703950363212939,False
84985,CASSIALPDWASSYNEQFF,TRBV19,TRBJ2-1,ac16,1,Responder,0.0019724182849585156,19,3.0,-2.7050009580528744,True
