sequence_id,aminoAcid,vGeneName,jGeneName,patient_id,response_binary,response_label,attention_weight,cdr3_length,attention_rank,log_attention,is_high_attention,rank
24681,CASRWEEDTEAFF,TRBV7-9,TRBJ1-1,ac05,1,Responder,0.0041230650049404,13,1.0,-2.384779807451088,True,1
24701,CASSRGGDFYNEQFF,TRBV3-1,TRBJ2-1,ac05,1,Responder,0.0039719640495002,15,2.0,-2.4009946800519035,True,2
23853,CASSLGRTYEQYF,TRBV27,TRBJ2-7,ac05,1,Responder,0.0036907678188717,13,3.0,-2.432883263046623,True,3
21833,CASSVTSYNEQFF,TRBV9,TRBJ2-1,ac04,0,Non-Responder,0.0036093032327778,13,1.0,-2.4425766174650736,True,4
24042,CASSLGGETQYF,TRBV11-2,TRBJ2-5,ac05,1,Responder,0.003401692433526,12,4.0,-2.4683049432300663,True,5
24406,CASSRGGDFYNEQFF,TRBV3-1,TRBJ2-1,ac05,1,Responder,0.0033014834646893,15,5.0,-2.481290860372638,True,6
24160,CASSLIRFGGEQYF,TRBV27,TRBJ2-7,ac05,1,Responder,0.0032921407066743,14,6.0,-2.482521598048488,True,7
24906,CASSFRTYNEQFF,TRBV27,TRBJ2-1,ac05,1,Responder,0.0030551973356753,13,7.0,-2.5149607191517984,True,8
23537,CASTVGERQYF,TRBV6-2,TRBJ2-7,ac05,1,Responder,0.0030541409375044,11,8.0,-2.515110911485352,True,9
21818,CASTPNGAVAEAFF,TRBV25-1,TRBJ1-1,ac04,0,Non-Responder,0.0029914998207747,14,2.0,-2.5241110043235477,True,10
22607,CSGGTWITDQNYGYTF,TRBV29-1,TRBJ1-2,ac04,0,Non-Responder,0.002950145627071,16,3.0,-2.5301565308355056,True,11
23762,CASSLQQGLHEQYF,TRBV5-6,TRBJ2-7,ac05,1,Responder,0.0028448868044151,14,9.0,-2.5459349938610685,True,12
21347,CATSDLGGAATGELFF,TRBV24-1,TRBJ2-2,ac04,0,Non-Responder,0.0028287358787869,16,4.0,-2.548407585702014,True,13
24185,CASSPFSGSSYNEQFF,TRBV4-3,TRBJ2-1,ac05,1,Responder,0.0028166698810086,16,10.0,-2.550264034740531,True,14
23581,CASSLHLGEQFF,TRBV7-8,TRBJ2-1,ac05,1,Responder,0.0027830557335273,12,11.0,-2.555478080784324,True,15
23711,CASSPWDYRGTGELFF,TRBV7-3,TRBJ2-2,ac05,1,Responder,0.0027743514287111,16,12.0,-2.5568385117893704,True,16
23681,CASSSAGLAWVGAYEQYF,TRBV28,TRBJ2-7,ac05,1,Responder,0.0027500060926532,18,13.0,-2.5606663281944315,True,17
21766,CASSYGQGYEQYF,TRBV10-2,TRBJ2-7,ac04,0,Non-Responder,0.0027117927748681,13,5.0,-2.566743484693256,True,18
24923,CASSPRDREGTDTQYF,TRBV7-6,TRBJ2-3,ac05,1,Responder,0.0026989130936287,16,14.0,-2.568811083629582,True,19
22154,CASSRSVIRDEQFF,TRBV14,TRBJ2-1,ac04,0,Non-Responder,0.0026905539288222,14,6.0,-2.5701582824936207,True,20
24828,CASRWEEDTEAFF,TRBV7-9,TRBJ1-1,ac05,1,Responder,0.0026902567744631,13,15.0,-2.5702062501701985,True,21
22691,CAWSLARGTFQDQPQHF,TRBV30,TRBJ1-5,ac04,0,Non-Responder,0.0026608864686286,17,7.0,-2.574973638664939,True,22
22277,CASSQTSGRYQETQYF,TRBV11-2,TRBJ2-5,ac04,0,Non-Responder,0.002646306887074,16,8.0,-2.5773597765283878,True,23
21417,CASSNDPTRKADTQYF,TRBV9,TRBJ2-3,ac04,0,Non-Responder,0.0026429304262562,16,9.0,-2.5779142528577275,True,24
24803,CASRAITGDANYGYTF,TRBV28,TRBJ1-2,ac05,1,Responder,0.0026370168221017,16,16.0,-2.578887083269956,True,25
22703,CATSDGTSPYSYEQYF,TRBV24-1,TRBJ2-7,ac04,0,Non-Responder,0.0026155866468391,16,10.0,-2.582430871870984,True,26
22884,CASSLDGFDTQYF,TRBV7-9,TRBJ2-3,ac04,0,Non-Responder,0.002604569709596,13,11.0,-2.584263997795099,True,27
23359,CASSLGGSGVVGQFF,TRBV7-8,TRBJ2-1,ac04,0,Non-Responder,0.0026011766855847,15,12.0,-2.584830130543522,True,28
22601,CAWRPGQGDQETQYF,TRBV30,TRBJ2-5,ac04,0,Non-Responder,0.0025895873489829,15,13.0,-2.586769418506115,True,29
21782,CASSLGGGNTGELFF,TRBV11-2,TRBJ2-2,ac04,0,Non-Responder,0.0025661249462471,15,14.0,-2.59072218444904,True,30
24656,CASSYSVETQYF,TRBV6-6,TRBJ2-5,ac05,1,Responder,0.002539023094409,12,17.0,-2.595333331754139,True,31
25176,CASSSGSSTDTQYF,TRBV12-4,TRBJ2-3,ac05,1,Responder,0.0025126648935705,14,18.0,-2.599865410787556,False,32
22437,CASSPGTGVYEQYF,TRBV5-8,TRBJ2-7,ac04,0,Non-Responder,0.0025118677762128,14,15.0,-2.600003208143744,True,33
22591,CASSLGQLQETQYF,TRBV18,TRBJ2-5,ac04,0,Non-Responder,0.0025074334188428,14,16.0,-2.600770572876818,True,34
23970,CASSSRPVGSARSHEQFF,TRBV5-1,TRBJ2-1,ac05,1,Responder,0.0025069664055282,18,19.0,-2.600851468419695,False,35
24129,CASIPRDRIEAFF,TRBV12-3,TRBJ1-1,ac05,1,Responder,0.0024905817724786,13,20.0,-2.603699177207533,False,36
23644,CASSLIDGAETQYF,TRBV5-1,TRBJ2-5,ac05,1,Responder,0.0024481492045027,14,21.0,-2.61116209953939,False,37
23977,CASSLGGVASTYEQYF,TRBV5-1,TRBJ2-7,ac05,1,Responder,0.0024407639877516,16,22.0,-2.6124741953222377,False,38
23899,CASSTGSDGYTF,TRBV18,TRBJ1-2,ac05,1,Responder,0.0024318624108895,12,23.0,-2.6140609822158583,False,39
23673,CASSQGTAGNTIYF,TRBV14,TRBJ1-3,ac05,1,Responder,0.0024271302423316,14,24.0,-2.6149069004561083,False,40
24266,CASSSRGGYGYTF,TRBV28,TRBJ1-2,ac05,1,Responder,0.0024170647869155,13,25.0,-2.616711690655188,False,41
23560,CASGLGGHSYNEQFF,TRBV19,TRBJ2-1,ac05,1,Responder,0.0024007754618726,15,26.0,-2.61964843835872,False,42
24869,CASRDRDSGIPYEQYF,TRBV5-6,TRBJ2-7,ac05,1,Responder,0.0023408766387525,16,27.0,-2.63062145391934,False,43
25076,CASSVAQGAESPLHF,TRBV9,TRBJ1-6,ac05,1,Responder,0.0023314512168174,15,28.0,-2.6323736486453844,False,44
23494,CASSGETGRSTDTQYF,TRBV5-5,TRBJ2-3,ac05,1,Responder,0.0022957711227053,16,29.0,-2.639071392261449,False,45
23371,CSARGGTGDNYEQYF,TRBV20-1,TRBJ2-7,ac04,0,Non-Responder,0.0022880907798116,15,17.0,-2.640526729959044,True,46
24920,CASSSVEGPRTGELFF,TRBV5-4,TRBJ2-2,ac05,1,Responder,0.002283651770157,16,30.0,-2.6413701011237727,False,47
22416,CASSPNPAVYGYTF,TRBV5-1,TRBJ1-2,ac04,0,Non-Responder,0.0022834863618234,14,18.0,-2.641401558864423,True,48
22879,CSAEGGSYEQYF,TRBV20-1,TRBJ2-7,ac04,0,Non-Responder,0.0022775434608669,12,19.0,-2.642533307850811,True,49
197552,CASGMEGRVREQFF,TRBV27,TRBJ2-1,ac32,1,Responder,0.0022761829054701,14,1.0,-2.642792823528839,True,50
24797,CASSYSGTGNTGELFF,TRBV6-5,TRBJ2-2,ac05,1,Responder,0.0022550677764976,16,31.0,-2.646840381526716,False,51
24568,CASSLAGRAGYEQYF,TRBV5-1,TRBJ2-7,ac05,1,Responder,0.002245101746028,15,32.0,-2.6487639530282654,False,52
24867,CASGRDSLYEQFF,TRBV5-1,TRBJ2-1,ac05,1,Responder,0.0022420937354479,13,33.0,-2.6493462153965126,False,53
23548,CASPPPAGDVTQYF,TRBV6-1,TRBJ2-5,ac05,1,Responder,0.0022239702680782,14,34.0,-2.6528710035404397,False,54
24388,CASSYGPSSYNEQFF,TRBV5-8,TRBJ2-1,ac05,1,Responder,0.0022157822356231,15,35.0,-2.6544729041785518,False,55
24202,CASSPVSGGETQYF,TRBV7-7,TRBJ2-5,ac05,1,Responder,0.002195987996367,14,36.0,-2.658370018364083,False,56
24876,CASSPSGMPQYF,TRBV7-3,TRBJ2-3,ac05,1,Responder,0.0021853402593955,12,37.0,-2.6604809135238536,False,57
24769,CASSAPLGLAGVHEQYF,TRBV19,TRBJ2-7,ac05,1,Responder,0.0021634005445688,17,38.0,-2.6648630452335933,False,58
36981,CASSIGRGTYEQYF,TRBV3-1,TRBJ2-7,ac09,1,Responder,0.0021616741751327,14,1.0,-2.6652097457063437,True,59
24004,CAIILAGGAYEQYF,TRBV27,TRBJ2-7,ac05,1,Responder,0.0021578428473289,14,39.0,-2.665980167433692,False,60
23010,CASSSNIDGNEKLFF,TRBV2,TRBJ1-4,ac04,0,Non-Responder,0.0021522754539449,15,20.0,-2.667102127105688,True,61
23636,CASRELYNSPLHF,TRBV25-1,TRBJ1-6,ac05,1,Responder,0.0021514570712137,13,40.0,-2.6672672949407867,False,62
34964,CASRPTGGLTEAFF,TRBV7-9,TRBJ1-1,ac09,1,Responder,0.0021503846094898,14,2.0,-2.6674838367065243,True,63
24567,CSAGGQDPLFF,TRBV20-1,TRBJ1-4,ac05,1,Responder,0.0021435399871108,11,41.0,-2.6688683901807524,False,64
24084,CASSQGFRTGAYGYTF,TRBV4-1,TRBJ1-2,ac05,1,Responder,0.0021336045071033,16,42.0,-2.670886059542875,False,65
23829,CASTTGSYNSPLHF,TRBV2,TRBJ1-6,ac05,1,Responder,0.0021331706263604,14,43.0,-2.670974384799472,False,66
23572,CSVIGTDSNQPQHF,TRBV29-1,TRBJ1-5,ac05,1,Responder,0.0021288946312719,14,44.0,-2.6718458128491305,False,67
36998,CASTGQSRGDTQYF,TRBV18,TRBJ2-3,ac09,1,Responder,0.0021269504693211,14,3.0,-2.672242603054735,True,68
24661,CSVVSAGEVEQFF,TRBV29-1,TRBJ2-1,ac05,1,Responder,0.0021237482796404,13,45.0,-2.672896939477106,False,69
56358,CASSLAGEDTQYF,TRBV11-1,TRBJ2-3,ac12,1,Responder,0.0021191542209436,13,1.0,-2.6738374159678595,True,70
24161,CASRGREVAKNIQYF,TRBV2,TRBJ2-4,ac05,1,Responder,0.0021112520716173,15,46.0,-2.675459890708826,False,71
21865,CASSQIGRPLDTQYF,TRBV4-1,TRBJ2-3,ac04,0,Non-Responder,0.0021079270640895,15,21.0,-2.6761443995223444,True,72
24355,CASSQRLAGESGTQYF,TRBV4-2,TRBJ2-3,ac05,1,Responder,0.0021073277542689,16,47.0,-2.6762678923827514,False,73
33741,CATSDQYRGTNTGELFF,TRBV24-1,TRBJ2-2,ac08,1,Responder,0.0020978555287508,17,1.0,-2.6782244026030257,True,74
23680,CASSVAQGGEKLFF,TRBV9,TRBJ1-4,ac05,1,Responder,0.0020938884724373,14,48.0,-2.6790464332890718,False,75
36851,CSVAPSGRPLGNEQFF,TRBV29-1,TRBJ2-1,ac09,1,Responder,0.0020938017859858,16,4.0,-2.6790644133417683,True,76
23453,CASSLPPSYNSPLHF,TRBV5-8,TRBJ1-6,ac05,1,Responder,0.0020679016769271,15,49.0,-2.6844700936011257,False,77
21312,CASSSTGTSVWNEQFF,TRBV7-9,TRBJ2-1,ac04,0,Non-Responder,0.0020561189166612,16,22.0,-2.6869517501907594,False,78
21731,CASSQGLTQYF,TRBV4-1,TRBJ2-3,ac04,0,Non-Responder,0.0020557094557782,11,23.0,-2.6870382453349366,False,79
24407,CASSRGGDFYNEQFF,TRBV3-1,TRBJ2-1,ac05,1,Responder,0.0020548018694905,15,50.0,-2.6872300266840874,False,80
25081,CASRRDRADQPQHF,TRBV28,TRBJ1-5,ac05,1,Responder,0.0020534042764494,14,51.0,-2.687525516695059,False,81
87136,CASSLRGLAGASTDTQYF,TRBV27,TRBJ2-3,ac16,1,Responder,0.0020466247267582,18,1.0,-2.688961761930486,True,82
23785,CASSQRQELEKLFF,TRBV4-1,TRBJ1-4,ac05,1,Responder,0.0020256055879027,14,52.0,-2.693445092161705,False,83
36430,CASSQDPRIHTAYGYTF,TRBV4-2,TRBJ1-2,ac09,1,Responder,0.0020229867294419,17,5.0,-2.694006944673231,True,84
24957,CASSFKTSGSLYNEQFF,TRBV5-1,TRBJ2-1,ac05,1,Responder,0.0020219568795706,17,53.0,-2.694228088969468,False,85
23442,CASSSAGLAWVGAYEQYF,TRBV28,TRBJ2-7,ac05,1,Responder,0.0020179456539889,18,54.0,-2.6950905125589246,False,86
23707,CASRSGLAGTRSSYNEQFF,TRBV6-2,TRBJ2-1,ac05,1,Responder,0.0020152848158259,19,55.0,-2.6956635457393547,False,87
23506,CASSYSGTGNTGELFF,TRBV6-5,TRBJ2-2,ac05,1,Responder,0.0020110761412354,16,56.0,-2.696571464699029,False,88
89529,CASSLGSLLRP,TRBV5-8,TRBJ2-1,ac17,0,Non-Responder,0.0020106244909233,11,1.0,-2.6966690101144195,True,89
31275,CASSLISYNEQFF,TRBV11-3,TRBJ2-1,ac08,1,Responder,0.0020079120864441,13,2.0,-2.6972552844436875,True,90
57375,CASSEQGEEKLFF,TRBV10-1,TRBJ1-4,ac12,1,Responder,0.0020046931065068,13,2.0,-2.697952081355974,True,91
23941,CASRAARALSNQPQHF,TRBV5-8,TRBJ1-5,ac05,1,Responder,0.0020041591413038,16,57.0,-2.6980677743856307,False,92
23306,CASSLASGSYNEQFF,TRBV5-4,TRBJ2-1,ac04,0,Non-Responder,0.0020035463299554,15,24.0,-2.6982005888241027,False,93
86703,CASSSRTGLGNEQFF,TRBV3-1,TRBJ2-1,ac16,1,Responder,0.0020004366468764,15,2.0,-2.698875176310384,True,94
23693,CASRWEEDTEAFF,TRBV7-9,TRBJ1-1,ac05,1,Responder,0.0019995603373224,13,58.0,-2.699065464649257,False,95
23387,CASSQGLTQYF,TRBV4-1,TRBJ2-3,ac04,0,Non-Responder,0.0019905274400232,11,25.0,-2.701031809339664,False,96
22358,CASSSRTKNTEAFF,TRBV18,TRBJ1-1,ac04,0,Non-Responder,0.0019902839437602,14,26.0,-2.701084938748728,False,97
21973,CASSQDPLAGEDTQYF,TRBV4-2,TRBJ2-3,ac04,0,Non-Responder,0.0019849675117366,16,27.0,-2.7022465751269755,False,98
24300,CASSSAGLAWVGAYEQYF,TRBV28,TRBJ2-7,ac05,1,Responder,0.0019771955066694,18,59.0,-2.703950363212939,False,99
84985,CASSIALPDWASSYNEQFF,TRBV19,TRBJ2-1,ac16,1,Responder,0.0019724182849585,19,3.0,-2.7050009580528744,True,100
