vGeneName,jGeneName,count,freq_high
TRBV28,TRBJ2-7,42,0.017521902377972465
TRBV20-1,TRBJ2-7,40,0.016687526074259492
TRBV27,TRBJ2-7,39,0.016270337922403004
TRBV20-1,TRBJ2-1,36,0.015018773466833541
TRBV7-9,TRBJ1-1,34,0.014184397163120567
TRBV9,TRBJ2-7,30,0.012515644555694618
TRBV5-1,TRBJ2-7,28,0.011681268251981644
TRBV9,TRBJ2-1,28,0.011681268251981644
TRBV7-9,TRBJ2-7,28,0.011681268251981644
TRBV5-1,TRBJ2-1,24,0.010012515644555695
TRBV30,TRBJ2-5,23,0.009595327492699207
TRBV7-9,TRBJ2-1,23,0.009595327492699207
TRBV24-1,TRBJ2-3,23,0.009595327492699207
TRBV6-5,TRBJ2-7,22,0.00917813934084272
TRBV7-2,TRBJ2-7,22,0.00917813934084272
TRBV27,TRBJ2-1,22,0.00917813934084272
TRBV4-1,TRBJ2-3,21,0.008760951188986232
TRBV3-1,TRBJ2-1,20,0.008343763037129746
TRBV20-1,TRBJ1-1,20,0.008343763037129746
TRBV18,TRBJ1-2,19,0.007926574885273258
TRBV20-1,TRBJ2-3,19,0.007926574885273258
TRBV9,TRBJ2-3,18,0.007509386733416771
TRBV19,TRBJ2-1,18,0.007509386733416771
TRBV20-1,TRBJ2-5,18,0.007509386733416771
TRBV7-9,TRBJ2-5,18,0.007509386733416771
TRBV19,TRBJ1-1,18,0.007509386733416771
TRBV6-2,TRBJ2-7,18,0.007509386733416771
TRBV5-1,TRBJ1-1,16,0.006675010429703796
TRBV6-5,TRBJ2-2,16,0.006675010429703796
TRBV6-5,TRBJ2-1,16,0.006675010429703796
TRBV29-1,TRBJ2-7,15,0.006257822277847309
TRBV9,TRBJ2-5,15,0.006257822277847309
TRBV29-1,TRBJ1-2,14,0.005840634125990822
TRBV28,TRBJ1-1,14,0.005840634125990822
TRBV27,TRBJ2-3,14,0.005840634125990822
TRBV5-4,TRBJ2-1,14,0.005840634125990822
TRBV2,TRBJ2-1,14,0.005840634125990822
TRBV9,TRBJ1-2,14,0.005840634125990822
TRBV7-9,TRBJ2-2,13,0.005423445974134335
TRBV11-2,TRBJ2-7,13,0.005423445974134335
TRBV9,TRBJ1-1,13,0.005423445974134335
TRBV28,TRBJ1-2,13,0.005423445974134335
TRBV28,TRBJ2-3,12,0.0050062578222778474
TRBV19,TRBJ1-5,12,0.0050062578222778474
TRBV24-1,TRBJ2-2,12,0.0050062578222778474
TRBV4-1,TRBJ2-1,12,0.0050062578222778474
TRBV4-1,TRBJ1-1,12,0.0050062578222778474
TRBV9,TRBJ2-2,12,0.0050062578222778474
TRBV2,TRBJ2-7,12,0.0050062578222778474
TRBV12-4,TRBJ2-7,12,0.0050062578222778474
TRBV20-1,TRBJ2-2,11,0.00458906967042136
TRBV4-1,TRBJ2-7,11,0.00458906967042136
TRBV7-8,TRBJ2-7,11,0.00458906967042136
TRBV5-1,TRBJ2-5,11,0.00458906967042136
TRBV4-3,TRBJ2-1,11,0.00458906967042136
TRBV5-4,TRBJ2-7,11,0.00458906967042136
TRBV5-6,TRBJ1-2,11,0.00458906967042136
TRBV20-1,TRBJ1-5,11,0.00458906967042136
TRBV18,TRBJ2-7,10,0.004171881518564873
TRBV7-9,TRBJ2-3,10,0.004171881518564873
TRBV6-2,TRBJ2-1,10,0.004171881518564873
TRBV7-3,TRBJ2-2,10,0.004171881518564873
TRBV19,TRBJ2-3,10,0.004171881518564873
TRBV28,TRBJ2-5,10,0.004171881518564873
TRBV5-6,TRBJ2-7,10,0.004171881518564873
TRBV11-2,TRBJ2-1,10,0.004171881518564873
TRBV7-2,TRBJ2-1,10,0.004171881518564873
TRBV7-3,TRBJ2-3,9,0.0037546933667083854
TRBV27,TRBJ2-5,9,0.0037546933667083854
TRBV7-8,TRBJ1-1,9,0.0037546933667083854
TRBV27,TRBJ1-5,9,0.0037546933667083854
TRBV27,TRBJ1-1,9,0.0037546933667083854
TRBV19,TRBJ2-7,9,0.0037546933667083854
TRBV29-1,TRBJ2-1,9,0.0037546933667083854
TRBV3-1,TRBJ2-2,9,0.0037546933667083854
TRBV2,TRBJ1-1,9,0.0037546933667083854
TRBV13,TRBJ2-7,9,0.0037546933667083854
TRBV29-1,TRBJ2-5,9,0.0037546933667083854
TRBV6-1,TRBJ2-7,9,0.0037546933667083854
TRBV6-2,TRBJ1-5,9,0.0037546933667083854
TRBV30,TRBJ2-7,9,0.0037546933667083854
TRBV6-5,TRBJ2-5,9,0.0037546933667083854
TRBV12-4,TRBJ2-1,9,0.0037546933667083854
TRBV11-2,TRBJ2-3,9,0.0037546933667083854
TRBV24-1,TRBJ2-1,8,0.003337505214851898
TRBV27,TRBJ2-2,8,0.003337505214851898
TRBV5-1,TRBJ1-2,8,0.003337505214851898
TRBV27,TRBJ1-2,8,0.003337505214851898
TRBV3-1,TRBJ2-7,8,0.003337505214851898
TRBV7-8,TRBJ2-1,8,0.003337505214851898
TRBV12-3,TRBJ2-7,8,0.003337505214851898
TRBV30,TRBJ1-1,8,0.003337505214851898
TRBV6-1,TRBJ2-1,8,0.003337505214851898
TRBV19,TRBJ2-5,8,0.003337505214851898
TRBV11-3,TRBJ2-1,8,0.003337505214851898
TRBV6-2,TRBJ2-2,8,0.003337505214851898
TRBV6-2,TRBJ2-3,8,0.003337505214851898
TRBV2,TRBJ1-5,8,0.003337505214851898
TRBV15,TRBJ2-1,8,0.003337505214851898
TRBV6-5,TRBJ1-1,8,0.003337505214851898
TRBV4-2,TRBJ2-3,8,0.003337505214851898
TRBV6-5,TRBJ2-3,8,0.003337505214851898
TRBV12-4,TRBJ2-3,8,0.003337505214851898
TRBV28,TRBJ2-1,8,0.003337505214851898
TRBV3-1,TRBJ2-3,8,0.003337505214851898
TRBV10-3,TRBJ2-1,7,0.002920317062995411
TRBV2,TRBJ2-5,7,0.002920317062995411
TRBV30,TRBJ2-3,7,0.002920317062995411
TRBV7-2,TRBJ1-2,7,0.002920317062995411
TRBV7-2,TRBJ2-3,7,0.002920317062995411
TRBV20-1,TRBJ1-2,7,0.002920317062995411
TRBV6-5,TRBJ1-2,7,0.002920317062995411
TRBV7-2,TRBJ2-5,7,0.002920317062995411
TRBV6-1,TRBJ2-3,7,0.002920317062995411
TRBV29-1,TRBJ1-1,7,0.002920317062995411
TRBV5-6,TRBJ2-5,7,0.002920317062995411
TRBV12-4,TRBJ1-3,7,0.002920317062995411
TRBV14,TRBJ2-1,7,0.002920317062995411
TRBV6-5,TRBJ1-5,7,0.002920317062995411
TRBV7-9,TRBJ1-4,7,0.002920317062995411
TRBV7-9,TRBJ1-2,7,0.002920317062995411
TRBV12-3,TRBJ2-3,7,0.002920317062995411
TRBV2,TRBJ2-3,7,0.002920317062995411
TRBV24-1,TRBJ2-5,7,0.002920317062995411
TRBV3-1,TRBJ1-2,6,0.0025031289111389237
TRBV5-1,TRBJ2-2,6,0.0025031289111389237
TRBV28,TRBJ2-2,6,0.0025031289111389237
TRBV24-1,TRBJ2-7,6,0.0025031289111389237
TRBV7-6,TRBJ2-3,6,0.0025031289111389237
TRBV5-1,TRBJ2-3,6,0.0025031289111389237
TRBV4-3,TRBJ1-2,6,0.0025031289111389237
TRBV20-1,TRBJ1-6,6,0.0025031289111389237
TRBV5-6,TRBJ2-3,6,0.0025031289111389237
TRBV5-4,TRBJ1-2,6,0.0025031289111389237
TRBV30,TRBJ1-2,6,0.0025031289111389237
TRBV18,TRBJ1-1,6,0.0025031289111389237
TRBV19,TRBJ2-2,6,0.0025031289111389237
TRBV13,TRBJ2-1,6,0.0025031289111389237
TRBV10-3,TRBJ1-6,6,0.0025031289111389237
TRBV11-2,TRBJ2-5,6,0.0025031289111389237
TRBV12-5,TRBJ2-1,6,0.0025031289111389237
TRBV18,TRBJ1-4,6,0.0025031289111389237
TRBV18,TRBJ2-5,6,0.0025031289111389237
TRBV14,TRBJ2-7,6,0.0025031289111389237
TRBV12-3,TRBJ2-1,6,0.0025031289111389237
TRBV6-6,TRBJ2-1,5,0.0020859407592824365
TRBV4-3,TRBJ1-6,5,0.0020859407592824365
TRBV3-1,TRBJ2-5,5,0.0020859407592824365
TRBV10-3,TRBJ2-3,5,0.0020859407592824365
TRBV4-2,TRBJ2-2,5,0.0020859407592824365
TRBV11-2,TRBJ1-1,5,0.0020859407592824365
TRBV7-2,TRBJ2-2,5,0.0020859407592824365
TRBV4-2,TRBJ2-7,5,0.0020859407592824365
TRBV6-1,TRBJ1-1,5,0.0020859407592824365
TRBV28,TRBJ1-4,5,0.0020859407592824365
TRBV10-3,TRBJ2-7,5,0.0020859407592824365
TRBV18,TRBJ2-2,5,0.0020859407592824365
TRBV4-3,TRBJ2-7,5,0.0020859407592824365
TRBV18,TRBJ2-3,5,0.0020859407592824365
TRBV10-3,TRBJ2-5,5,0.0020859407592824365
TRBV19,TRBJ1-2,5,0.0020859407592824365
TRBV6-2,TRBJ1-1,5,0.0020859407592824365
TRBV5-4,TRBJ2-2,4,0.001668752607425949
TRBV6-6,TRBJ1-1,4,0.001668752607425949
TRBV6-6,TRBJ1-6,4,0.001668752607425949
TRBV29-1,TRBJ2-3,4,0.001668752607425949
TRBV3-1,TRBJ1-6,4,0.001668752607425949
TRBV3-1,TRBJ1-1,4,0.001668752607425949
TRBV13,TRBJ2-3,4,0.001668752607425949
TRBV7-2,TRBJ1-1,4,0.001668752607425949
TRBV30,TRBJ1-5,4,0.001668752607425949
TRBV5-1,TRBJ1-6,4,0.001668752607425949
TRBV13,TRBJ1-1,4,0.001668752607425949
TRBV2,TRBJ2-4,4,0.001668752607425949
TRBV6-2,TRBJ2-5,4,0.001668752607425949
TRBV5-4,TRBJ1-4,4,0.001668752607425949
TRBV12-4,TRBJ2-2,4,0.001668752607425949
TRBV4-1,TRBJ2-5,4,0.001668752607425949
TRBV4-2,TRBJ1-2,4,0.001668752607425949
TRBV11-3,TRBJ2-5,4,0.001668752607425949
TRBV6-1,TRBJ2-2,4,0.001668752607425949
TRBV12-4,TRBJ1-1,4,0.001668752607425949
TRBV4-2,TRBJ2-5,4,0.001668752607425949
TRBV6-1,TRBJ1-2,4,0.001668752607425949
TRBV12-3,TRBJ1-1,4,0.001668752607425949
TRBV5-6,TRBJ2-1,4,0.001668752607425949
TRBV12-3,TRBJ1-5,4,0.001668752607425949
TRBV4-1,TRBJ2-2,4,0.001668752607425949
TRBV5-4,TRBJ2-3,4,0.001668752607425949
TRBV15,TRBJ2-5,4,0.001668752607425949
TRBV20-1,TRBJ1-4,4,0.001668752607425949
TRBV18,TRBJ1-5,4,0.001668752607425949
TRBV10-2,TRBJ2-1,4,0.001668752607425949
TRBV7-9,TRBJ1-3,4,0.001668752607425949
TRBV27,TRBJ1-6,4,0.001668752607425949
TRBV7-6,TRBJ2-7,4,0.001668752607425949
TRBV10-2,TRBJ1-5,4,0.001668752607425949
TRBV10-2,TRBJ1-1,4,0.001668752607425949
TRBV7-8,TRBJ2-3,4,0.001668752607425949
TRBV19,TRBJ1-4,4,0.001668752607425949
TRBV7-9,TRBJ1-5,4,0.001668752607425949
TRBV25-1,TRBJ2-7,4,0.001668752607425949
TRBV9,TRBJ1-4,4,0.001668752607425949
TRBV28,TRBJ1-3,4,0.001668752607425949
TRBV28,TRBJ1-5,4,0.001668752607425949
TRBV2,TRBJ1-2,4,0.001668752607425949
TRBV2,TRBJ1-4,4,0.001668752607425949
TRBV9,TRBJ2-6,4,0.001668752607425949
TRBV28,TRBJ1-6,4,0.001668752607425949
TRBV15,TRBJ2-3,4,0.001668752607425949
TRBV28,TRBJ2-4,3,0.0012515644555694619
TRBV4-1,TRBJ1-5,3,0.0012515644555694619
TRBV11-2,TRBJ2-6,3,0.0012515644555694619
TRBV11-3,TRBJ2-3,3,0.0012515644555694619
TRBV6-2,TRBJ1-2,3,0.0012515644555694619
TRBV6-4,TRBJ2-1,3,0.0012515644555694619
TRBV7-3,TRBJ2-7,3,0.0012515644555694619
TRBV6-1,TRBJ1-5,3,0.0012515644555694619
TRBV5-8,TRBJ2-3,3,0.0012515644555694619
TRBV5-8,TRBJ2-1,3,0.0012515644555694619
TRBV4-1,TRBJ1-2,3,0.0012515644555694619
TRBV12-3,TRBJ1-2,3,0.0012515644555694619
TRBV20-1,TRBJ2-4,3,0.0012515644555694619
TRBV5-1,TRBJ1-4,3,0.0012515644555694619
TRBV5-1,TRBJ1-5,3,0.0012515644555694619
TRBV9,TRBJ1-6,3,0.0012515644555694619
TRBV12-3,TRBJ2-5,3,0.0012515644555694619
TRBV2,TRBJ1-6,3,0.0012515644555694619
TRBV4-3,TRBJ1-4,3,0.0012515644555694619
TRBV12-3,TRBJ1-6,3,0.0012515644555694619
TRBV6-6,TRBJ1-2,3,0.0012515644555694619
TRBV6-6,TRBJ1-5,3,0.0012515644555694619
TRBV7-2,TRBJ1-6,3,0.0012515644555694619
TRBV15,TRBJ2-2,3,0.0012515644555694619
TRBV7-6,TRBJ2-1,3,0.0012515644555694619
TRBV13,TRBJ2-5,3,0.0012515644555694619
TRBV11-2,TRBJ2-2,3,0.0012515644555694619
TRBV15,TRBJ1-2,3,0.0012515644555694619
TRBV6-6,TRBJ2-5,3,0.0012515644555694619
TRBV6-6,TRBJ2-7,3,0.0012515644555694619
TRBV30,TRBJ1-6,3,0.0012515644555694619
TRBV30,TRBJ2-1,3,0.0012515644555694619
TRBV7-3,TRBJ1-1,3,0.0012515644555694619
TRBV30,TRBJ2-2,3,0.0012515644555694619
TRBV7-3,TRBJ2-1,3,0.0012515644555694619
TRBV7-8,TRBJ1-2,3,0.0012515644555694619
TRBV7-6,TRBJ1-1,3,0.0012515644555694619
TRBV11-2,TRBJ1-3,3,0.0012515644555694619
TRBV6-6,TRBJ1-3,3,0.0012515644555694619
TRBV7-2,TRBJ1-5,2,0.0008343763037129745
TRBV5-6,TRBJ1-4,2,0.0008343763037129745
TRBV5-6,TRBJ1-1,2,0.0008343763037129745
TRBV7-6,TRBJ1-4,2,0.0008343763037129745
TRBV6-5,TRBJ1-4,2,0.0008343763037129745
TRBV5-5,TRBJ2-5,2,0.0008343763037129745
TRBV5-5,TRBJ2-3,2,0.0008343763037129745
TRBV5-5,TRBJ2-2,2,0.0008343763037129745
TRBV11-1,TRBJ2-1,2,0.0008343763037129745
TRBV5-5,TRBJ2-1,2,0.0008343763037129745
TRBV5-5,TRBJ1-6,2,0.0008343763037129745
TRBV10-3,TRBJ2-6,2,0.0008343763037129745
TRBV5-5,TRBJ1-4,2,0.0008343763037129745
TRBV5-6,TRBJ1-5,2,0.0008343763037129745
TRBV5-8,TRBJ1-6,2,0.0008343763037129745
TRBV7-6,TRBJ2-2,2,0.0008343763037129745
TRBV5-6,TRBJ2-2,2,0.0008343763037129745
TRBV7-8,TRBJ1-3,2,0.0008343763037129745
TRBV7-8,TRBJ1-6,2,0.0008343763037129745
TRBV11-3,TRBJ2-2,2,0.0008343763037129745
TRBV7-7,TRBJ2-5,2,0.0008343763037129745
TRBV10-3,TRBJ1-3,2,0.0008343763037129745
TRBV10-3,TRBJ1-2,2,0.0008343763037129745
TRBV6-1,TRBJ2-5,2,0.0008343763037129745
TRBV6-5,TRBJ2-6,2,0.0008343763037129745
TRBV10-2,TRBJ2-7,2,0.0008343763037129745
TRBV6-1,TRBJ1-3,2,0.0008343763037129745
TRBV7-9,TRBJ1-6,2,0.0008343763037129745
TRBV7-9,TRBJ2-4,2,0.0008343763037129745
TRBV7-7,TRBJ2-2,2,0.0008343763037129745
TRBV7-7,TRBJ2-1,2,0.0008343763037129745
TRBV5-4,TRBJ2-5,2,0.0008343763037129745
TRBV6-6,TRBJ2-3,2,0.0008343763037129745
TRBV7-9,TRBJ2-6,2,0.0008343763037129745
TRBV11-3,TRBJ1-1,2,0.0008343763037129745
TRBV2,TRBJ2-2,2,0.0008343763037129745
TRBV29-1,TRBJ2-4,2,0.0008343763037129745
TRBV4-2,TRBJ2-1,2,0.0008343763037129745
TRBV12-4,TRBJ2-5,2,0.0008343763037129745
TRBV15,TRBJ2-4,2,0.0008343763037129745
TRBV12-4,TRBJ2-6,2,0.0008343763037129745
TRBV15,TRBJ1-1,2,0.0008343763037129745
TRBV4-3,TRBJ1-1,2,0.0008343763037129745
TRBV4-2,TRBJ2-6,2,0.0008343763037129745
TRBV4-2,TRBJ2-4,2,0.0008343763037129745
TRBV18,TRBJ1-3,2,0.0008343763037129745
TRBV25-1,TRBJ1-1,2,0.0008343763037129745
TRBV30,TRBJ1-3,2,0.0008343763037129745
TRBV14,TRBJ2-2,2,0.0008343763037129745
TRBV25-1,TRBJ1-6,2,0.0008343763037129745
TRBV25-1,TRBJ2-1,2,0.0008343763037129745
TRBV12-5,TRBJ1-2,2,0.0008343763037129745
TRBV25-1,TRBJ2-3,2,0.0008343763037129745
TRBV15,TRBJ1-4,2,0.0008343763037129745
TRBV15,TRBJ2-7,2,0.0008343763037129745
TRBV4-1,TRBJ1-4,2,0.0008343763037129745
TRBV27,TRBJ1-3,2,0.0008343763037129745
TRBV27,TRBJ2-4,2,0.0008343763037129745
TRBV14,TRBJ2-3,2,0.0008343763037129745
TRBV4-3,TRBJ1-3,2,0.0008343763037129745
TRBV12-4,TRBJ1-2,2,0.0008343763037129745
TRBV20-1,TRBJ1-3,2,0.0008343763037129745
TRBV29-1,TRBJ1-5,2,0.0008343763037129745
TRBV29-1,TRBJ1-3,2,0.0008343763037129745
TRBV14,TRBJ1-2,2,0.0008343763037129745
TRBV14,TRBJ1-3,2,0.0008343763037129745
TRBV12-3,TRBJ2-2,2,0.0008343763037129745
TRBV5-4,TRBJ1-1,2,0.0008343763037129745
TRBV5-1,TRBJ2-6,2,0.0008343763037129745
TRBV4-3,TRBJ2-2,2,0.0008343763037129745
TRBV15,TRBJ1-5,2,0.0008343763037129745
TRBV12-4,TRBJ1-5,2,0.0008343763037129745
TRBV24-1,TRBJ1-2,2,0.0008343763037129745
TRBV5-1,TRBJ1-3,2,0.0008343763037129745
TRBV4-3,TRBJ2-3,2,0.0008343763037129745
TRBV18,TRBJ2-1,2,0.0008343763037129745
TRBV7-6,TRBJ1-6,1,0.00041718815185648727
TRBV28,TRBJ2-6,1,0.00041718815185648727
TRBV7-7,TRBJ1-6,1,0.00041718815185648727
TRBV11-1,TRBJ1-2,1,0.00041718815185648727
TRBV14,TRBJ1-6,1,0.00041718815185648727
TRBV7-7,TRBJ1-4,1,0.00041718815185648727
TRBV7-6,TRBJ1-3,1,0.00041718815185648727
TRBV10-3,TRBJ2-2,1,0.00041718815185648727
TRBV7-6,TRBJ2-5,1,0.00041718815185648727
TRBV7-3,TRBJ1-6,1,0.00041718815185648727
TRBV14,TRBJ1-5,1,0.00041718815185648727
TRBV27,TRBJ2-6,1,0.00041718815185648727
TRBV7-3,TRBJ1-2,1,0.00041718815185648727
TRBV15,TRBJ1-3,1,0.00041718815185648727
TRBV7-3,TRBJ1-4,1,0.00041718815185648727
TRBV7-3,TRBJ2-5,1,0.00041718815185648727
TRBV5-4,TRBJ2-6,1,0.00041718815185648727
TRBV7-7,TRBJ2-6,1,0.00041718815185648727
TRBV7-7,TRBJ2-7,1,0.00041718815185648727
TRBV2,TRBJ2-6,1,0.00041718815185648727
TRBV10-1,TRBJ2-1,1,0.00041718815185648727
TRBV10-1,TRBJ2-2,1,0.00041718815185648727
TRBV10-1,TRBJ2-3,1,0.00041718815185648727
TRBV10-1,TRBJ2-5,1,0.00041718815185648727
TRBV19,TRBJ2-6,1,0.00041718815185648727
TRBV9,TRBJ1-5,1,0.00041718815185648727
TRBV9,TRBJ1-3,1,0.00041718815185648727
TRBV10-2,TRBJ1-3,1,0.00041718815185648727
TRBV10-2,TRBJ1-4,1,0.00041718815185648727
TRBV24-1,TRBJ1-1,1,0.00041718815185648727
TRBV24-1,TRBJ1-4,1,0.00041718815185648727
TRBV24-1,TRBJ1-5,1,0.00041718815185648727
TRBV10-2,TRBJ2-2,1,0.00041718815185648727
TRBV10-2,TRBJ2-5,1,0.00041718815185648727
TRBV18,TRBJ1-6,1,0.00041718815185648727
TRBV24-1,TRBJ2-4,1,0.00041718815185648727
TRBV10-3,TRBJ1-1,1,0.00041718815185648727
TRBV25-1,TRBJ1-5,1,0.00041718815185648727
TRBV14,TRBJ1-1,1,0.00041718815185648727
TRBV7-8,TRBJ2-2,1,0.00041718815185648727
TRBV10-3,TRBJ1-5,1,0.00041718815185648727
TRBV7-8,TRBJ1-5,1,0.00041718815185648727
TRBV7-8,TRBJ1-4,1,0.00041718815185648727
TRBV27,TRBJ1-4,1,0.00041718815185648727
TRBV7-8,TRBJ2-5,1,0.00041718815185648727
TRBV3-1,TRBJ1-4,1,0.00041718815185648727
TRBV29-1,TRBJ2-2,1,0.00041718815185648727
TRBV5-7,TRBJ2-7,1,0.00041718815185648727
TRBV11-3,TRBJ1-3,1,0.00041718815185648727
TRBV4-1,TRBJ2-4,1,0.00041718815185648727
TRBV4-1,TRBJ2-6,1,0.00041718815185648727
TRBV4-2,TRBJ1-1,1,0.00041718815185648727
TRBV11-3,TRBJ2-4,1,0.00041718815185648727
TRBV4-2,TRBJ1-5,1,0.00041718815185648727
TRBV6-1,TRBJ2-4,1,0.00041718815185648727
TRBV4-2,TRBJ1-6,1,0.00041718815185648727
TRBV11-3,TRBJ2-6,1,0.00041718815185648727
TRBV12-5,TRBJ1-1,1,0.00041718815185648727
TRBV6-1,TRBJ1-4,1,0.00041718815185648727
TRBV5-8,TRBJ2-7,1,0.00041718815185648727
TRBV5-8,TRBJ2-2,1,0.00041718815185648727
TRBV5-8,TRBJ1-5,1,0.00041718815185648727
TRBV11-3,TRBJ2-7,1,0.00041718815185648727
TRBV7-2,TRBJ1-4,1,0.00041718815185648727
TRBV5-6,TRBJ2-4,1,0.00041718815185648727
TRBV4-3,TRBJ2-4,1,0.00041718815185648727
TRBV4-3,TRBJ2-5,1,0.00041718815185648727
TRBV5-6,TRBJ1-6,1,0.00041718815185648727
TRBV12-4,TRBJ1-6,1,0.00041718815185648727
TRBV12-4,TRBJ1-4,1,0.00041718815185648727
TRBV5-5,TRBJ2-7,1,0.00041718815185648727
TRBV5-5,TRBJ2-6,1,0.00041718815185648727
TRBV5-1,TRBJ2-4,1,0.00041718815185648727
TRBV5-5,TRBJ1-5,1,0.00041718815185648727
TRBV5-4,TRBJ1-5,1,0.00041718815185648727
TRBV5-5,TRBJ1-3,1,0.00041718815185648727
TRBV5-5,TRBJ1-2,1,0.00041718815185648727
TRBV5-5,TRBJ1-1,1,0.00041718815185648727
TRBV12-5,TRBJ1-3,1,0.00041718815185648727
TRBV4-1,TRBJ1-6,1,0.00041718815185648727
TRBV6-2,TRBJ2-6,1,0.00041718815185648727
TRBV6-4,TRBJ1-1,1,0.00041718815185648727
TRBV7-2,TRBJ1-3,1,0.00041718815185648727
TRBV11-1,TRBJ2-2,1,0.00041718815185648727
TRBV29-1,TRBJ2-6,1,0.00041718815185648727
TRBV13,TRBJ2-2,1,0.00041718815185648727
TRBV3-1,TRBJ1-3,1,0.00041718815185648727
TRBV6-6,TRBJ2-4,1,0.00041718815185648727
TRBV5-4,TRBJ1-6,1,0.00041718815185648727
TRBV6-6,TRBJ2-2,1,0.00041718815185648727
TRBV3-1,TRBJ1-5,1,0.00041718815185648727
TRBV13,TRBJ1-6,1,0.00041718815185648727
TRBV13,TRBJ1-5,1,0.00041718815185648727
TRBV6-6,TRBJ1-4,1,0.00041718815185648727
TRBV3-1,TRBJ2-4,1,0.00041718815185648727
TRBV13,TRBJ1-4,1,0.00041718815185648727
TRBV13,TRBJ1-2,1,0.00041718815185648727
TRBV11-1,TRBJ2-3,1,0.00041718815185648727
TRBV10-1,TRBJ1-5,1,0.00041718815185648727
TRBV6-5,TRBJ2-4,1,0.00041718815185648727
TRBV11-2,TRBJ1-2,1,0.00041718815185648727
TRBV12-5,TRBJ2-7,1,0.00041718815185648727
TRBV11-2,TRBJ1-5,1,0.00041718815185648727
TRBV6-5,TRBJ1-6,1,0.00041718815185648727
TRBV30,TRBJ2-6,1,0.00041718815185648727
TRBV12-5,TRBJ2-6,1,0.00041718815185648727
TRBV6-5,TRBJ1-3,1,0.00041718815185648727
TRBV11-2,TRBJ2-4,1,0.00041718815185648727
TRBV12-5,TRBJ2-5,1,0.00041718815185648727
TRBV6-4,TRBJ2-7,1,0.00041718815185648727
TRBV4-1,TRBJ1-3,1,0.00041718815185648727
TRBV10-1,TRBJ1-4,1,0.00041718815185648727
